﻿<splash version="1" minDisplaySize="70">

  <screen bgColor="white">
    <group left="50%" top="50%">
      <item picture="splash" left="50%" top="0"/>
      <item left="50%" bottom="0mm" duration="100">
        <frame picture="track_01"/>
        <frame picture="track_02"/>
        <frame picture="track_03"/>
        <frame picture="track_04"/>
        <frame picture="track_05"/>
        <frame picture="track_06"/>
        <frame picture="track_07"/>
        <frame picture="track_08"/>
        <frame picture="track_09"/>
        <frame picture="track_10"/>
        <frame picture="track_11"/>
        <frame picture="track_12"/>
        <frame picture="track_13"/>
        <frame picture="track_14"/>
        <frame picture="track_15"/>
      </item>
    </group>
  </screen>

</splash>
